[
  {
    "title": "Another concert",
    "start": "2019-08-01"
  },
  {
    "title": "Food festival 2019",
    "start": "2019-08-07",
    "end": "2019-08-10"
  },
  {
    "title": "Jazz concert",
    "start": "2019-09-01"
  },
  {
    "title": "Food festival",
    "start": "2019-09-07",
    "end": "2019-09-10"
  },
  {
    "id": "999",
    "title": "Jazz Friday",
    "color": "#ce1710",
    "textColor": "white",
    "start": "2019-09-09T16:00:00-05:00"
  },
  {
    "id": "999",
    "title": "Jazz Friday",
    "color": "#ce1710",
    "textColor": "white",
    "start": "2019-09-16T16:00:00-05:00"
  },
  {
    "title": "Conference",
    "start": "2019-09-11",
    "end": "2019-09-13"
  },
  {
    "title": "Meeting",
    "start": "2019-09-12T10:30:00-05:00",
    "end": "2019-09-12T12:30:00-05:00"
  },
  {
    "title": "Lunch",
    "start": "2019-09-12T12:00:00-05:00"
  },
  {
    "title": "Meeting",
    "start": "2019-09-12T14:30:00-05:00"
  },
  {
    "title": "Happy Hour",
    "start": "2019-09-12T17:30:00-05:00"
  },
  {
    "title": "Dinner",
    "start": "2019-09-12T20:00:00"
  },
  {
    "title": "Birthday Party",
    "start": "2019-09-13T07:00:00-05:00"
  },
  {
    "title": "Book events",
    "url": "https://arrowthemes.com/",
    "start": "2019-09-28"
  }
]
